{
    "total_evaluations": 30,
    "folder_A": "0_real",
    "folder_B": "1_gpt",
    "win_rate_A": 0.8666666666666667,
    "win_rate_A_swapped": 0.9666666666666667,
    "win_rate_A_average": 0.9166666666666667,
    "win_rate_B": 0.1333333333333333,
    "win_rate_B_swapped": 0.033333333333333326,
    "win_rate_B_average": 0.08333333333333326,
    "agreement_rate": 0.8333333333333334,
    "rouge_score_A": 0.24873964913391253,
    "rouge_score_B": 0.15262095208086363
}