prompt_name,average_rouge_score,average_win_rate
1_gpt,0.15262095208086363,0.08333333333333326
2_gpt,0.15928967517150708,0.1333333333333333
3_gpt,0.17325983166293535,0.2333333333333334
4_gpt,0.17530523483871494,0.09999999999999998
